음절,성별,순위,글자,음,훈
가,F,1,可,가,"옳을"
가,F,2,家,가,"집"
가,F,3,佳,가,"아름다울"
가,F,4,歌,가,"노래"
가,F,5,加,가,"더할"
가,F,6,架,가,"시렁"
경,F,1,經,경,"날"
경,F,2,慶,경,"경사"
경,F,3,景,경,"볕"
경,F,4,敬,경,"공경"
경,F,5,京,경,"서울"
경,F,6,更,경,"고칠"
고,F,1,高,고,"높을"
고,F,2,考,고,"생각할"
고,F,3,固,고,"굳을"
고,F,4,古,고,"옛"
고,F,5,顧,고,"돌아볼"
고,F,6,告,고,"고할"
규,F,1,圭,규,"홀"
규,F,2,規,규,"법"
규,F,3,奎,규,"별"
규,F,4,揆,규,"헤아릴"
규,F,5,珪,규,"홀"
규,F,6,葵,규,"해바라기"
나,F,1,羅,라,"그물"
나,F,2,娜,나,"아름다울"
나,F,3,那,나,"어찌"
나,F,4,拿,나,"잡을"
나,F,5,奈,나,"어찌"
나,F,6,柰,나,"어찌"
다,F,1,多,다,"많을"
다,F,2,茶,다,"차"
다,F,3,夛,다,"많을"
다,F,4,奲,다,"풍부할"
단,F,1,端,단,"끝"
단,F,2,單,단,"홑"
단,F,3,團,단,"둥글·경단"
단,F,4,段,단,"조각"
단,F,5,丹,단,"붉을"
단,F,6,壇,단,"제터"
담,F,1,炎,담,"아름다울"
담,F,2,擔,담,"멜"
담,F,3,淡,담,"맑을"
담,F,4,談,담,"말씀"
담,F,5,潭,담,"못"
담,F,6,澹,담,"맑을"
도,F,1,道,도,"길"
도,F,2,度,도,"법도"
도,F,3,徒,도,"무리"
도,F,4,都,도,"도읍"
도,F,5,到,도,"이를"
도,F,6,圖,도,"그림"
라,F,1,羅,라,"그물"
라,F,2,蘿,라,"쑥"
라,F,3,螺,라,"소라"
라,F,4,喇,라,"나팔"
라,F,5,邏,라,"순라"
라,F,6,蓏,라,"열매"
람,F,1,藍,람,"쪽"
람,F,2,覽,람,"볼"
람,F,3,嵐,람,"남기"
람,F,4,攬,람,"가질"
람,F,5,籃,람,"대바구니"
람,F,6,纜,람,"닻줄"
랑,F,1,浪,랑,"물결"
랑,F,2,娘,랑,"여자"
랑,F,3,琅,랑,"옥돌"
랑,F,4,瑯,랑,"옥돌"
랑,F,5,烺,랑,"밝게 빛나는 모양"
랑,F,6,榔,랑,"나무 이름"
려,F,1,麗,려,"고울"
려,F,2,慮,려,"생각할"
려,F,3,旅,려,"나그네"
려,F,4,黎,려,"검을"
려,F,5,廬,려,"농막집"
려,F,6,勵,려,"힘쓸"
로,F,1,露,로,"이슬"
로,F,2,路,로,"길"
로,F,3,勞,로,"일할"
로,F,4,盧,로,"목로"
로,F,5,鹵,로,"소금"
로,F,6,爐,로,"화로"
루,F,1,婁,루,"끌"
루,F,2,樓,루,"다락"
루,F,3,屢,루,"여러"
루,F,4,壘,루,"보루"
루,F,5,鏤,루,"새길"
루,F,6,縷,루,"실"
름,F,1,凜,름,"찰"
름,F,2,廩,름,"곳집"
름,F,3,凛,름,"찰"
름,F,4,澟,름,"서늘할"
리,F,1,李,리,"오얏"
리,F,2,理,리,"다스릴"
리,F,3,利,리,"날카로울"
리,F,4,裏,리,"속"
리,F,5,履,리,"밟을·신"
리,F,6,里,리,"마을·속"
린,F,1,潾,린,"맑을"
린,F,2,隣,린,"이웃"
린,F,3,璘,린,"옥빛"
린,F,4,麟,린,"기린"
린,F,5,鱗,린,"비늘"
린,F,6,藺,린,"골풀"
림,F,1,林,림,"수풀"
림,F,2,臨,림,"임할"
림,F,3,琳,림,"옥"
림,F,4,碄,림,"깊은 모양"
림,F,5,棽,림,"무성할"
림,F,6,玪,림,"옥"
미,F,1,美,미,"아름다울"
미,F,2,微,미,"작을"
미,F,3,味,미,"맛"
미,F,4,彌,미,"미륵·두루"
미,F,5,米,미,"쌀"
미,F,6,薇,미,"장미"
민,F,1,珉,민,"옥돌"
민,F,2,民,민,"백성"
민,F,3,旻,민,"가을 하늘"
민,F,4,旼,민,"화할·하늘"
민,F,5,敏,민,"민첩할"
민,F,6,玟,민,"아름다운 돌"
별,F,1,別,별,"나눌·다를"
별,F,2,瞥,별,"깜짝할"
별,F,3,鷩,별,"금계"
별,F,4,莂,별,"모종 낼"
별,F,5,襒,별,"털"
별,F,6,炦,별,"불기운"
보,F,1,寶,보,"보배"
보,F,2,報,보,"갚을"
보,F,3,補,보,"기울"
보,F,4,保,보,"지킬·포대기"
보,F,5,普,보,"넓을"
보,F,6,步,보,"걸음"
비,F,1,飛,비,"날"
비,F,2,比,비,"견줄"
비,F,3,備,비,"갖출"
비,F,4,批,비,"비평할"
비,F,5,費,비,"쓸·땅 이름"
비,F,6,秘,비,"숨길"
빈,F,1,彬,빈,"빛날"
빈,F,2,斌,빈,"빛날"
빈,F,3,頻,빈,"자주"
빈,F,4,濱,빈,"물가"
빈,F,5,浜,빈,"물가"
빈,F,6,玭,빈,"옥"
사,F,1,事,사,"일"
사,F,2,師,사,"스승"
사,F,3,使,사,"하여금·부릴"
사,F,4,辭,사,"말씀"
사,F,5,社,사,"토지신"
사,F,6,思,사,"생각"
새,F,1,塞,새,"변방"
새,F,2,璽,새,"옥새"
서,F,1,瑞,서,"상서"
서,F,2,書,서,"글"
서,F,3,徐,서,"천천히 할"
서,F,4,序,서,"차례"
서,F,5,敍,서,"차례"
서,F,6,西,서,"서녘"
선,F,1,善,선,"착할"
선,F,2,宣,선,"베풀"
선,F,3,鮮,선,"고울·적을"
선,F,4,先,선,"먼저"
선,F,5,船,선,"배"
선,F,6,禪,선,"물려줄"
설,F,1,說,설,"말씀"
설,F,2,雪,설,"눈"
설,F,3,設,설,"베풀"
설,F,4,契,설,"사람 이름"
설,F,5,薛,설,"맑은대쑥"
설,F,6,齧,설,"물"
성,F,1,成,성,"이룰"
성,F,2,性,성,"성품"
성,F,3,聖,성,"성인"
성,F,4,星,성,"별"
성,F,5,城,성,"재"
성,F,6,省,성,"살필"
세,F,1,世,세,"인간·대"
세,F,2,歲,세,"해"
세,F,3,勢,세,"형세"
세,F,4,洗,세,"씻을"
세,F,5,細,세,"가늘"
세,F,6,洒,세,"씻을"
소,F,1,素,소,"본디·흴"
소,F,2,所,소,"바"
소,F,3,疏,소,"소통할"
소,F,4,小,소,"작을"
소,F,5,昭,소,"밝을"
소,F,6,笑,소,"웃음"
솔,F,1,乺,솔,"땅이름"
송,F,1,宋,송,"송나라"
송,F,2,送,송,"보낼"
송,F,3,松,송,"소나무·더벅머리"
송,F,4,頌,송,"기릴"
송,F,5,誦,송,"외울"
송,F,6,淞,송,"강 이름"
수,F,1,數,수,"셈"
수,F,2,秀,수,"빼어날"
수,F,3,水,수,"물"
수,F,4,修,수,"닦을"
수,F,5,壽,수,"목숨"
수,F,6,遂,수,"드디어·따를"
슬,F,1,瑟,슬,"큰 거문고"
슬,F,2,璱,슬,"옥 무늬 고운 모양"
승,F,1,勝,승,"이길"
승,F,2,承,승,"이을"
승,F,3,昇,승,"오를"
승,F,4,乘,승,"탈"
승,F,5,繩,승,"노끈"
승,F,6,升,승,"되·오를"
시,F,1,是,시,"이·옳을"
시,F,2,時,시,"때"
시,F,3,施,시,"베풀"
시,F,4,始,시,"비로소"
시,F,5,示,시,"보일"
시,F,6,視,시,"볼"
아,F,1,我,아,"나"
아,F,2,雅,아,"맑을·바를"
아,F,3,娥,아,"예쁠"
아,F,4,兒,아,"아이"
아,F,5,亞,아,"버금"
아,F,6,阿,아,"언덕"
안,F,1,安,안,"편안"
안,F,2,案,안,"책상"
안,F,3,顔,안,"낯"
안,F,4,按,안,"누를"
안,F,5,岸,안,"언덕"
안,F,6,晏,안,"늦을"
여,F,1,麗,려,"고울"
여,F,2,慮,려,"생각할"
여,F,3,旅,려,"나그네"
여,F,4,黎,려,"검을"
여,F,5,廬,려,"농막집"
여,F,6,勵,려,"힘쓸"
연,F,1,延,연,"늘일"
연,F,2,然,연,"불탈·그럴"
연,F,3,姸,연,"고울"
연,F,4,年,년,"해"
연,F,5,緣,연,"인연"
연,F,6,演,연,"펼"
영,F,1,永,영,"길·읊을"
영,F,2,榮,영,"영화·꽃"
영,F,3,英,영,"꽃부리"
영,F,4,令,령,"하여금"
영,F,5,映,영,"비칠"
영,F,6,營,영,"경영할"
예,F,1,藝,예,"재주"
예,F,2,叡,예,"밝을"
예,F,3,睿,예,"슬기"
예,F,4,豫,예,"미리"
예,F,5,例,례,"법식"
예,F,6,譽,예,"기릴·명예"
오,F,1,吳,오,"나라 이름"
오,F,2,五,오,"다섯"
오,F,3,午,오,"낮"
오,F,4,吾,오,"나"
오,F,5,悟,오,"깨달을"
오,F,6,奧,오,"깊을"
온,F,1,溫,온,"따뜻할·쌓을"
온,F,2,穩,온,"편안할"
온,F,3,蘊,온,"쌓을·붕어마름"
온,F,4,瑥,온,"사람 이름"
온,F,5,稳,온,"편안할"
온,F,6,昷,온,"어질"
우,F,1,優,우,"넉넉할·뛰어날"
우,F,2,佑,우,"도울"
우,F,3,友,우,"벗"
우,F,4,雨,우,"비"
우,F,5,禹,우,"하우씨"
우,F,6,右,우,"오른쪽"
원,F,1,元,원,"으뜸"
원,F,2,原,원,"언덕·근원"
원,F,3,遠,원,"멀"
원,F,4,源,원,"근원"
원,F,5,園,원,"동산"
원,F,6,願,원,"원할"
유,F,1,有,유,"있을"
유,F,2,由,유,"말미암을"
유,F,3,柔,유,"부드러울"
유,F,4,維,유,"벼리·오직"
유,F,5,裕,유,"넉넉할"
유,F,6,遊,유,"놀"
윤,F,1,尹,윤,"다스릴"
윤,F,2,潤,윤,"불을·윤택할"
윤,F,3,允,윤,"맏·진실로"
윤,F,4,玧,윤,"귀막이 구슬"
윤,F,5,侖,륜,"생각할"
윤,F,6,倫,륜,"인륜"
율,F,1,率,률,"비율"
율,F,2,律,률,"법칙"
율,F,3,聿,율,"붓"
율,F,4,栗,률,"밤"
율,F,5,燏,율,"빛날"
율,F,6,汩,율,"흐를"
은,F,1,恩,은,"은혜"
은,F,2,隱,은,"숨을"
은,F,3,銀,은,"백금"
은,F,4,殷,은,"성할·은나라"
은,F,5,誾,은,"온화할"
은,F,6,垠,은,"지경"
을,F,1,乙,을,"새"
을,F,2,鳦,을,"제비"
음,F,1,音,음,"소리·그늘"
음,F,2,飮,음,"마실"
음,F,3,吟,음,"읊을"
음,F,4,蔭,음,"그늘"
음,F,5,韾,음,"화할"
음,F,6,愔,음,"조용할"
이,F,1,李,리,"오얏"
이,F,2,理,리,"다스릴"
이,F,3,利,리,"날카로울"
이,F,4,裏,리,"속"
이,F,5,履,리,"밟을·신"
이,F,6,里,리,"마을·속"
인,F,1,潾,린,"맑을"
인,F,2,隣,린,"이웃"
인,F,3,璘,린,"옥빛"
인,F,4,麟,린,"기린"
인,F,5,鱗,린,"비늘"
인,F,6,藺,린,"골풀"
임,F,1,林,림,"수풀"
임,F,2,臨,림,"임할"
임,F,3,琳,림,"옥"
임,F,4,任,임,"맡길·맞을"
임,F,5,壬,임,"북방"
임,F,6,恁,임,"생각할"
재,F,1,在,재,"있을"
재,F,2,載,재,"실을"
재,F,3,宰,재,"재상"
재,F,4,裁,재,"마를"
재,F,5,才,재,"재주"
재,F,6,齋,재,"재계할·집"
정,F,1,正,정,"바를·정월"
정,F,2,情,정,"뜻"
정,F,3,鄭,정,"정나라"
정,F,4,政,정,"정사·칠"
정,F,5,定,정,"정할·이마"
정,F,6,丁,정,"넷째 천간"
제,F,1,濟,제,"건널"
제,F,2,制,제,"절제할·지을"
제,F,3,齊,제,"가지런할"
제,F,4,除,제,"덜"
제,F,5,提,제,"끌"
제,F,6,際,제,"이음새"
주,F,1,周,주,"두루"
주,F,2,主,주,"임금·주인"
주,F,3,珠,주,"구슬"
주,F,4,柱,주,"기둥·버틸"
주,F,5,朱,주,"붉을"
주,F,6,株,주,"그루"
준,F,1,準,준,"준할"
준,F,2,俊,준,"준걸"
준,F,3,峻,준,"높을·준엄할"
준,F,4,晙,준,"밝을"
준,F,5,遵,준,"좇을"
준,F,6,埈,준,"높을"
지,F,1,智,지,"슬기"
지,F,2,知,지,"알"
지,F,3,地,지,"땅"
지,F,4,志,지,"뜻"
지,F,5,之,지,"갈"
지,F,6,至,지,"이를"
진,F,1,珍,진,"보배"
진,F,2,眞,진,"참"
진,F,3,陳,진,"베풀·묵을"
진,F,4,鎭,진,"진압할"
진,F,5,辰,진,"별 이름"
진,F,6,進,진,"나아갈"
채,F,1,彩,채,"채색"
채,F,2,採,채,"캘"
채,F,3,采,채,"풍채·캘"
채,F,4,菜,채,"나물"
채,F,5,綵,채,"비단"
채,F,6,蔡,채,"풀"
태,F,1,泰,태,"클"
태,F,2,台,태,"별·태풍"
태,F,3,太,태,"클"
태,F,4,兌,태,"바꿀·기쁠"
태,F,5,態,태,"모습"
태,F,6,跆,태,"밟을"
하,F,1,河,하,"물"
하,F,2,下,하,"아래"
하,F,3,荷,하,"멜·꾸짖을"
하,F,4,夏,하,"여름"
하,F,5,何,하,"어찌·꾸짖을"
하,F,6,霞,하,"노을"
한,F,1,漢,한,"한수·한나라"
한,F,2,韓,한,"한국·나라"
한,F,3,閑,한,"한가할·막을"
한,F,4,翰,한,"깃"
한,F,5,閒,한,"한가할"
한,F,6,罕,한,"드물"
해,F,1,海,해,"바다"
해,F,2,解,해,"풀"
해,F,3,偕,해,"함께"
해,F,4,奚,해,"어찌"
해,F,5,諧,해,"화할"
해,F,6,該,해,"갖출·마땅"
현,F,1,賢,현,"어질"
현,F,2,炫,현,"밝을"
현,F,3,鉉,현,"솥귀"
현,F,4,玄,현,"검을"
현,F,5,現,현,"나타날"
현,F,6,見,현,"뵈올"
혜,F,1,慧,혜,"슬기로울"
혜,F,2,惠,혜,"은혜"
혜,F,3,彗,혜,"비"
혜,F,4,蕙,혜,"풀 이름"
혜,F,5,兮,혜,"어조사"
혜,F,6,鞋,혜,"신"
호,F,1,虎,호,"범"
호,F,2,鎬,호,"땅 이름"
호,F,3,好,호,"좋을"
호,F,4,豪,호,"호걸"
호,F,5,浩,호,"넓을"
호,F,6,號,호,"이름·부르짖을"
효,F,1,孝,효,"효도"
효,F,2,效,효,"본받을"
효,F,3,曉,효,"새벽"
효,F,4,爻,효,"사귈"
효,F,5,嚆,효,"울릴"
효,F,6,斅,효,"가르칠"
후,F,1,後,후,"뒤"
후,F,2,厚,후,"두터울"
후,F,3,候,후,"기후·살필"
후,F,4,后,후,"임금·뒤"
후,F,5,侯,후,"제후·과녁"
후,F,6,煦,후,"따뜻하게 할"
희,F,1,喜,희,"기쁠"
희,F,2,熙,희,"빛날"
희,F,3,希,희,"바랄"
희,F,4,熹,희,"빛날"
희,F,5,羲,희,"복희씨"
희,F,6,稀,희,"드물"
가,M,1,可,가,"옳을"
가,M,2,家,가,"집"
가,M,3,歌,가,"노래"
가,M,4,加,가,"더할"
가,M,5,架,가,"시렁"
가,M,6,暇,가,"틈·겨를"
강,M,1,姜,강,"성씨·생강"
강,M,2,康,강,"편안·들"
강,M,3,江,강,"가람·큰물"
강,M,4,講,강,"외울"
강,M,5,降,강,"내릴"
강,M,6,綱,강,"벼리"
건,M,1,建,건,"세울·엎지를"
건,M,2,乾,건,"하늘·마를"
건,M,3,健,건,"굳셀"
건,M,4,件,건,"물건"
건,M,5,巾,건,"수건"
건,M,6,虔,건,"공경할"
결,M,1,結,결,"맺을"
결,M,2,決,결,"결단할"
결,M,3,潔,결,"깨끗할"
결,M,4,鍥,결,"새길"
결,M,5,玦,결,"패옥"
결,M,6,洯,결,"깨끗할"
겸,M,1,兼,겸,"겸할"
겸,M,2,謙,겸,"겸손할"
겸,M,3,鎌,겸,"낫"
겸,M,4,縑,겸,"합사 비단"
겸,M,5,蒹,겸,"갈대"
겸,M,6,拑,겸,"입다물"
경,M,1,經,경,"날"
경,M,2,慶,경,"경사"
경,M,3,景,경,"볕"
경,M,4,敬,경,"공경"
경,M,5,京,경,"서울"
경,M,6,更,경,"고칠"
규,M,1,圭,규,"홀"
규,M,2,規,규,"법"
규,M,3,奎,규,"별"
규,M,4,揆,규,"헤아릴"
규,M,5,珪,규,"홀"
규,M,6,葵,규,"해바라기"
기,M,1,機,기,"틀"
기,M,2,旣,기,"이미"
기,M,3,其,기,"그"
기,M,4,基,기,"터"
기,M,5,氣,기,"기운"
기,M,6,己,기,"몸"
다,M,1,多,다,"많을"
다,M,2,茶,다,"차"
다,M,3,夛,다,"많을"
다,M,4,奲,다,"풍부할"
단,M,1,端,단,"끝"
단,M,2,單,단,"홑"
단,M,3,團,단,"둥글·경단"
단,M,4,段,단,"조각"
단,M,5,丹,단,"붉을"
단,M,6,壇,단,"제터"
대,M,1,大,대,"클·큰"
대,M,2,對,대,"대할"
대,M,3,臺,대,"누각"
대,M,4,帶,대,"띠"
대,M,5,待,대,"기다릴"
대,M,6,代,대,"대신할"
도,M,1,道,도,"길"
도,M,2,度,도,"법도"
도,M,3,徒,도,"무리"
도,M,4,都,도,"도읍"
도,M,5,到,도,"이를"
도,M,6,圖,도,"그림"
동,M,1,東,동,"동녘"
동,M,2,動,동,"움직일"
동,M,3,同,동,"한가지"
동,M,4,洞,동,"골"
동,M,5,冬,동,"겨울·북소리"
동,M,6,童,동,"아이"
라,M,1,羅,라,"그물"
라,M,2,蘿,라,"쑥"
라,M,3,螺,라,"소라"
라,M,4,喇,라,"나팔"
라,M,5,邏,라,"순라"
라,M,6,蓏,라,"열매"
람,M,1,藍,람,"쪽"
람,M,2,覽,람,"볼"
람,M,3,嵐,람,"남기"
람,M,4,攬,람,"가질"
람,M,5,籃,람,"대바구니"
람,M,6,纜,람,"닻줄"
랑,M,1,浪,랑,"물결"
랑,M,2,郞,랑,"사내"
랑,M,3,琅,랑,"옥돌"
랑,M,4,瑯,랑,"옥돌"
랑,M,5,郎,랑,"사내"
랑,M,6,烺,랑,"밝게 빛나는 모양"
로,M,1,露,로,"이슬"
로,M,2,路,로,"길"
로,M,3,勞,로,"일할"
로,M,4,盧,로,"목로"
로,M,5,鹵,로,"소금"
로,M,6,爐,로,"화로"
명,M,1,明,명,"밝을"
명,M,2,名,명,"이름"
명,M,3,命,명,"목숨"
명,M,4,銘,명,"새길"
명,M,5,皿,명,"그릇"
명,M,6,溟,명,"바다"
민,M,1,珉,민,"옥돌"
민,M,2,民,민,"백성"
민,M,3,旻,민,"가을 하늘"
민,M,4,旼,민,"화할·하늘"
민,M,5,敏,민,"민첩할"
민,M,6,玟,민,"아름다운 돌"
범,M,1,範,범,"법"
범,M,2,凡,범,"무릇"
범,M,3,泛,범,"뜰"
범,M,4,汎,범,"넓을"
범,M,5,梵,범,"불경"
범,M,6,帆,범,"돛"
빈,M,1,彬,빈,"빛날"
빈,M,2,斌,빈,"빛날"
빈,M,3,頻,빈,"자주"
빈,M,4,濱,빈,"물가"
빈,M,5,浜,빈,"물가"
빈,M,6,玭,빈,"옥"
상,M,1,上,상,"윗"
상,M,2,相,상,"서로"
상,M,3,常,상,"떳떳할·항상"
상,M,4,象,상,"코끼리"
상,M,5,尙,상,"오히려"
상,M,6,商,상,"헤아릴·장사"
서,M,1,瑞,서,"상서"
서,M,2,書,서,"글"
서,M,3,徐,서,"천천히 할"
서,M,4,序,서,"차례"
서,M,5,敍,서,"차례"
서,M,6,西,서,"서녘"
석,M,1,石,석,"돌·섬"
석,M,2,釋,석,"풀"
석,M,3,錫,석,"주석"
석,M,4,昔,석,"예"
석,M,5,析,석,"쪼갤"
석,M,6,席,석,"자리"
선,M,1,善,선,"착할"
선,M,2,宣,선,"베풀"
선,M,3,鮮,선,"고울·적을"
선,M,4,先,선,"먼저"
선,M,5,船,선,"배"
선,M,6,禪,선,"물려줄"
섭,M,1,攝,섭,"다스릴·잡을"
섭,M,2,燮,섭,"화할"
섭,M,3,涉,섭,"건널"
섭,M,4,聶,섭,"소곤거릴"
섭,M,5,躡,섭,"밟을"
섭,M,6,囁,섭,"소곤거릴"
성,M,1,成,성,"이룰"
성,M,2,性,성,"성품"
성,M,3,聖,성,"성인"
성,M,4,星,성,"별"
성,M,5,城,성,"재"
성,M,6,省,성,"살필"
세,M,1,世,세,"인간·대"
세,M,2,歲,세,"해"
세,M,3,勢,세,"형세"
세,M,4,洗,세,"씻을"
세,M,5,細,세,"가늘"
세,M,6,洒,세,"씻을"
수,M,1,數,수,"셈"
수,M,2,秀,수,"빼어날"
수,M,3,水,수,"물"
수,M,4,修,수,"닦을"
수,M,5,壽,수,"목숨"
수,M,6,遂,수,"드디어·따를"
승,M,1,勝,승,"이길"
승,M,2,承,승,"이을"
승,M,3,昇,승,"오를"
승,M,4,乘,승,"탈"
승,M,5,繩,승,"노끈"
승,M,6,升,승,"되·오를"
시,M,1,是,시,"이·옳을"
시,M,2,時,시,"때"
시,M,3,施,시,"베풀"
시,M,4,始,시,"비로소"
시,M,5,示,시,"보일"
시,M,6,視,시,"볼"
신,M,1,申,신,"거듭·아홉째 지지"
신,M,2,新,신,"새"
신,M,3,身,신,"몸"
신,M,4,信,신,"믿을"
신,M,5,辛,신,"매울"
신,M,6,愼,신,"삼갈"
아,M,1,我,아,"나"
아,M,2,雅,아,"맑을·바를"
아,M,3,兒,아,"아이"
아,M,4,亞,아,"버금"
아,M,5,阿,아,"언덕"
아,M,6,芽,아,"싹"
안,M,1,安,안,"편안"
안,M,2,案,안,"책상"
안,M,3,顔,안,"낯"
안,M,4,按,안,"누를"
안,M,5,岸,안,"언덕"
안,M,6,晏,안,"늦을"
양,M,1,陽,양,"볕"
양,M,2,揚,양,"날릴"
양,M,3,梁,량,"들보"
양,M,4,讓,양,"사양할"
양,M,5,良,량,"어질"
양,M,6,養,양,"기를"
여,M,1,麗,려,"고울"
여,M,2,慮,려,"생각할"
여,M,3,旅,려,"나그네"
여,M,4,黎,려,"검을"
여,M,5,廬,려,"농막집"
여,M,6,勵,려,"힘쓸"
연,M,1,延,연,"늘일"
연,M,2,然,연,"불탈·그럴"
연,M,3,年,년,"해"
연,M,4,緣,연,"인연"
연,M,5,演,연,"펼"
연,M,6,淵,연,"못"
영,M,1,永,영,"길·읊을"
영,M,2,榮,영,"영화·꽃"
영,M,3,英,영,"꽃부리"
영,M,4,令,령,"하여금"
영,M,5,映,영,"비칠"
영,M,6,營,영,"경영할"
예,M,1,藝,예,"재주"
예,M,2,叡,예,"밝을"
예,M,3,睿,예,"슬기"
예,M,4,豫,예,"미리"
예,M,5,例,례,"법식"
예,M,6,譽,예,"기릴·명예"
오,M,1,吳,오,"나라 이름"
오,M,2,五,오,"다섯"
오,M,3,午,오,"낮"
오,M,4,吾,오,"나"
오,M,5,悟,오,"깨달을"
오,M,6,奧,오,"깊을"
온,M,1,溫,온,"따뜻할·쌓을"
온,M,2,穩,온,"편안할"
온,M,3,蘊,온,"쌓을·붕어마름"
온,M,4,瑥,온,"사람 이름"
온,M,5,稳,온,"편안할"
온,M,6,昷,온,"어질"
완,M,1,完,완,"완전할"
완,M,2,宛,완,"완연할"
완,M,3,莞,완,"왕골"
완,M,4,浣,완,"빨"
완,M,5,琓,완,"옥 이름"
완,M,6,碗,완,"사발"
요,M,1,要,요,"요긴할·허리"
요,M,2,樂,요,"좋아할"
요,M,3,約,요,"부절"
요,M,4,曜,요,"빛날"
요,M,5,料,료,"헤아릴"
요,M,6,療,료,"고칠"
용,M,1,容,용,"얼굴"
용,M,2,庸,용,"쓸"
용,M,3,用,용,"쓸"
용,M,4,勇,용,"날랠"
용,M,5,龍,룡,"용"
용,M,6,甬,용,"길"
우,M,1,優,우,"넉넉할·뛰어날"
우,M,2,佑,우,"도울"
우,M,3,友,우,"벗"
우,M,4,雨,우,"비"
우,M,5,禹,우,"하우씨"
우,M,6,右,우,"오른쪽"
욱,M,1,旭,욱,"아침 해"
욱,M,2,煜,욱,"빛날"
욱,M,3,昱,욱,"햇빛 밝을"
욱,M,4,郁,욱,"성할"
욱,M,5,勖,욱,"힘쓸"
욱,M,6,彧,욱,"문채"
운,M,1,運,운,"옮길"
운,M,2,雲,운,"구름"
운,M,3,云,운,"이를·구름"
운,M,4,韻,운,"운치·소리"
운,M,5,芸,운,"평지"
운,M,6,耘,운,"김맬"
울,M,1,菀,울,"무성할"
웅,M,1,雄,웅,"수컷"
웅,M,2,熊,웅,"곰"
원,M,1,元,원,"으뜸"
원,M,2,原,원,"언덕·근원"
원,M,3,遠,원,"멀"
원,M,4,源,원,"근원"
원,M,5,園,원,"동산"
원,M,6,願,원,"원할"
유,M,1,有,유,"있을"
유,M,2,由,유,"말미암을"
유,M,3,柔,유,"부드러울"
유,M,4,維,유,"벼리·오직"
유,M,5,裕,유,"넉넉할"
유,M,6,遊,유,"놀"
윤,M,1,尹,윤,"다스릴"
윤,M,2,潤,윤,"불을·윤택할"
윤,M,3,允,윤,"맏·진실로"
윤,M,4,玧,윤,"귀막이 구슬"
윤,M,5,侖,륜,"생각할"
윤,M,6,倫,륜,"인륜"
율,M,1,率,률,"비율"
율,M,2,律,률,"법칙"
율,M,3,聿,율,"붓"
율,M,4,栗,률,"밤"
율,M,5,燏,율,"빛날"
율,M,6,汩,율,"흐를"
은,M,1,恩,은,"은혜"
은,M,2,隱,은,"숨을"
은,M,3,銀,은,"백금"
은,M,4,殷,은,"성할·은나라"
은,M,5,誾,은,"온화할"
은,M,6,垠,은,"지경"
이,M,1,李,리,"오얏"
이,M,2,理,리,"다스릴"
이,M,3,利,리,"날카로울"
이,M,4,裏,리,"속"
이,M,5,履,리,"밟을·신"
이,M,6,里,리,"마을·속"
인,M,1,潾,린,"맑을"
인,M,2,隣,린,"이웃"
인,M,3,璘,린,"옥빛"
인,M,4,麟,린,"기린"
인,M,5,鱗,린,"비늘"
인,M,6,藺,린,"골풀"
재,M,1,在,재,"있을"
재,M,2,載,재,"실을"
재,M,3,宰,재,"재상"
재,M,4,裁,재,"마를"
재,M,5,才,재,"재주"
재,M,6,齋,재,"재계할·집"
정,M,1,正,정,"바를·정월"
정,M,2,情,정,"뜻"
정,M,3,鄭,정,"정나라"
정,M,4,政,정,"정사·칠"
정,M,5,定,정,"정할·이마"
정,M,6,丁,정,"넷째 천간"
제,M,1,濟,제,"건널"
제,M,2,制,제,"절제할·지을"
제,M,3,齊,제,"가지런할"
제,M,4,除,제,"덜"
제,M,5,提,제,"끌"
제,M,6,際,제,"이음새"
종,M,1,從,종,"좇을"
종,M,2,宗,종,"마루"
종,M,3,種,종,"씨"
종,M,4,縱,종,"세로"
종,M,5,鐘,종,"쇠북"
종,M,6,綜,종,"모을"
주,M,1,周,주,"두루"
주,M,2,主,주,"임금·주인"
주,M,3,珠,주,"구슬"
주,M,4,柱,주,"기둥·버틸"
주,M,5,朱,주,"붉을"
주,M,6,株,주,"그루"
준,M,1,準,준,"준할"
준,M,2,俊,준,"준걸"
준,M,3,峻,준,"높을·준엄할"
준,M,4,晙,준,"밝을"
준,M,5,遵,준,"좇을"
준,M,6,埈,준,"높을"
지,M,1,智,지,"슬기"
지,M,2,知,지,"알"
지,M,3,地,지,"땅"
지,M,4,志,지,"뜻"
지,M,5,之,지,"갈"
지,M,6,至,지,"이를"
진,M,1,珍,진,"보배"
진,M,2,眞,진,"참"
진,M,3,陳,진,"베풀·묵을"
진,M,4,鎭,진,"진압할"
진,M,5,辰,진,"별 이름"
진,M,6,進,진,"나아갈"
찬,M,1,燦,찬,"빛날"
찬,M,2,讚,찬,"기릴"
찬,M,3,贊,찬,"도울"
찬,M,4,餐,찬,"밥"
찬,M,5,纂,찬,"모을"
찬,M,6,撰,찬,"지을"
창,M,1,昌,창,"창성할"
창,M,2,暢,창,"펼"
창,M,3,窓,창,"창문"
창,M,4,倉,창,"곳집"
창,M,5,蒼,창,"푸를"
창,M,6,昶,창,"해 길·트일"
채,M,1,彩,채,"채색"
채,M,2,採,채,"캘"
채,M,3,采,채,"풍채·캘"
채,M,4,菜,채,"나물"
채,M,5,綵,채,"비단"
채,M,6,蔡,채,"풀"
태,M,1,泰,태,"클"
태,M,2,台,태,"별·태풍"
태,M,3,太,태,"클"
태,M,4,兌,태,"바꿀·기쁠"
태,M,5,態,태,"모습"
태,M,6,跆,태,"밟을"
하,M,1,河,하,"물"
하,M,2,下,하,"아래"
하,M,3,荷,하,"멜·꾸짖을"
하,M,4,夏,하,"여름"
하,M,5,何,하,"어찌·꾸짖을"
하,M,6,霞,하,"노을"
한,M,1,漢,한,"한수·한나라"
한,M,2,韓,한,"한국·나라"
한,M,3,閑,한,"한가할·막을"
한,M,4,翰,한,"깃"
한,M,5,閒,한,"한가할"
한,M,6,罕,한,"드물"
헌,M,1,獻,헌,"드릴"
헌,M,2,憲,헌,"법"
헌,M,3,軒,헌,"집"
헌,M,4,櫶,헌,"나무 이름"
헌,M,5,昍,헌,"밝을"
헌,M,6,幰,헌,"수레 휘장"
혁,M,1,赫,혁,"빛날"
혁,M,2,革,혁,"가죽"
혁,M,3,奕,혁,"클"
혁,M,4,爀,혁,"불빛"
혁,M,5,焱,혁,"불꽃"
혁,M,6,焃,혁,"빛날"
현,M,1,賢,현,"어질"
현,M,2,炫,현,"밝을"
현,M,3,鉉,현,"솥귀"
현,M,4,玄,현,"검을"
현,M,5,現,현,"나타날"
현,M,6,見,현,"뵈올"
형,M,1,形,형,"모양"
형,M,2,亨,형,"형통할"
형,M,3,衡,형,"저울대"
형,M,4,兄,형,"맏"
형,M,5,炯,형,"빛날"
형,M,6,螢,형,"반딧불이"
혜,M,1,慧,혜,"슬기로울"
혜,M,2,惠,혜,"은혜"
혜,M,3,彗,혜,"비"
혜,M,4,蕙,혜,"풀 이름"
혜,M,5,兮,혜,"어조사"
혜,M,6,鞋,혜,"신"
호,M,1,虎,호,"범"
호,M,2,鎬,호,"땅 이름"
호,M,3,好,호,"좋을"
호,M,4,豪,호,"호걸"
호,M,5,浩,호,"넓을"
호,M,6,號,호,"이름·부르짖을"
환,M,1,還,환,"돌아올"
환,M,2,煥,환,"불꽃·빛날"
환,M,3,桓,환,"굳셀"
환,M,4,環,환,"고리"
환,M,5,歡,환,"기쁠"
환,M,6,換,환,"바꿀"
효,M,1,孝,효,"효도"
효,M,2,效,효,"본받을"
효,M,3,曉,효,"새벽"
효,M,4,爻,효,"사귈"
효,M,5,嚆,효,"울릴"
효,M,6,斅,효,"가르칠"
후,M,1,後,후,"뒤"
후,M,2,厚,후,"두터울"
후,M,3,候,후,"기후·살필"
후,M,4,后,후,"임금·뒤"
후,M,5,侯,후,"제후·과녁"
후,M,6,煦,후,"따뜻하게 할"
훈,M,1,勳,훈,"공"
훈,M,2,訓,훈,"가르칠"
훈,M,3,薰,훈,"향초"
훈,M,4,熏,훈,"불길"
훈,M,5,暈,훈,"무리"
훈,M,6,勛,훈,"공"
희,M,1,喜,희,"기쁠"
희,M,2,熙,희,"빛날"
희,M,3,希,희,"바랄"
희,M,4,熹,희,"빛날"
희,M,5,羲,희,"복희씨"
희,M,6,稀,희,"드물"
